{
    "ww2l2v_13TeV_top_1j": {
        "Vg": {
            "Wg": 0.6776029769743057, 
            "Zg": 0.12598360025036212, 
            "ZgS": 0.09223910124677362, 
            "WgS": 0.10417432152855864
        }, 
        "Higgs": {
            "qqH_htt": 0.014928568827007488, 
            "qqH_hww": 0.04091725336924486, 
            "ggZH_hww": 0.004472323882798563, 
            "WH_htt": 0.0651617366301591, 
            "ggH_htt": 0.18134851303968652, 
            "WH_hww": 0.11973352159347495, 
            "ggH_hww": 0.38986005205438257, 
            "ttH_hww": 0.12281845207094552, 
            "ZH_htt": 0.02504583800783698, 
            "ZH_hww": 0.03571374052446329
        }
    }, 
    "ww2l2v_13TeV_top_0j": {
        "Vg": {
            "Wg": 0.33540984278445996, 
            "Zg": 0.1313743828906638, 
            "ZgS": -0.02916814237582971, 
            "WgS": 0.562383916700706
        }, 
        "Higgs": {
            "qqH_htt": 0.00353804749475612, 
            "qqH_hww": 0.01727826505137156, 
            "ggZH_hww": 0.0009209844179751245, 
            "WH_htt": 0.10005235362223541, 
            "ggH_htt": 0.04871322969357324, 
            "WH_hww": 0.20335476153998885, 
            "ggH_hww": 0.5835287416231874, 
            "ttH_hww": 0.011702493425927678, 
            "ZH_htt": 0.00974121367081207, 
            "ZH_hww": 0.021169909460172488
        }
    }, 
    "ww2l2v_13TeV_sr_2j_B0": {
        "Vg": {
            "Wg": 0.6351629716200163, 
            "Zg": 0.05794859485000864, 
            "ZgS": 0.03165654949618378, 
            "WgS": 0.2752318840337913
        }, 
        "Higgs": {
            "qqH_htt": 0.003271502539798279, 
            "qqH_hww": 0.21315826799137422, 
            "ggZH_hww": 0.009700797501364362, 
            "WH_htt": 0.011156816149799036, 
            "ggH_htt": 0.010480594850638096, 
            "WH_hww": 0.0909355526308844, 
            "ggH_hww": 0.5884247393538272, 
            "ttH_hww": 0.03652041994999483, 
            "ZH_htt": 0.002769036072758934, 
            "ZH_hww": 0.033582272959560636
        }
    }, 
    "ww2l2v_13TeV_sr_1j_B0": {
        "Vg": {
            "Wg": 0.6151281020894594, 
            "Zg": 0.0508890545811524, 
            "ZgS": 0.016021959188187673, 
            "WgS": 0.31796088414120033
        }, 
        "Higgs": {
            "qqH_htt": 0.0013094921035855288, 
            "qqH_hww": 0.08780645567346676, 
            "ggZH_hww": 0.0023815734230522756, 
            "WH_htt": 0.013430380723045162, 
            "ggH_htt": 0.006841705093298951, 
            "WH_hww": 0.061340205465894936, 
            "ggH_hww": 0.8075629787586857, 
            "ttH_hww": 0.0012874086321147066, 
            "ZH_htt": 0.0020767129638303797, 
            "ZH_hww": 0.015963087163025712
        }
    }, 
    "ww2l2v_13TeV_top_2j": {
        "Vg": {
            "Wg": 0.542546026874906, 
            "Zg": 0.16238709523912917, 
            "ZgS": 0.03833019942584539, 
            "WgS": 0.2567366784601193
        }, 
        "Higgs": {
            "qqH_htt": 0.007789071582022063, 
            "qqH_hww": 0.010889492567889575, 
            "ggZH_hww": 0.0029215805093363483, 
            "WH_htt": 0.00848501126071622, 
            "ggH_htt": 0.02871902716352765, 
            "WH_hww": 0.018671345802440245, 
            "ggH_hww": 0.0456296531563566, 
            "ttH_hww": 0.8615975835552329, 
            "ZH_htt": 0.005984643868166733, 
            "ZH_hww": 0.009312590534311478
        }
    }, 
    "ww2l2v_13TeV_sr_0j_B0": {
        "Vg": {
            "Wg": 0.59634633477373, 
            "Zg": 0.0539634331793222, 
            "ZgS": 0.02522800064414539, 
            "WgS": 0.32446223140280245
        }, 
        "Higgs": {
            "qqH_htt": 0.0001237661273000046, 
            "qqH_hww": 0.010196856810277957, 
            "ggZH_hww": 0.0009743187803580936, 
            "WH_htt": 0.006630923889385729, 
            "ggH_htt": 0.0026705185675696542, 
            "WH_hww": 0.029370128599215624, 
            "ggH_hww": 0.93986375563745, 
            "ttH_hww": 0.000125996961823071, 
            "ZH_htt": 0.0018607644343340854, 
            "ZH_hww": 0.008182970192285845
        }
    }
}