{
    "ww2l2v_13TeV_top_1j": {
        "Vg": {
            "Wg": 0.5168011223276184, 
            "Zg": 0.09735602667671582, 
            "ZgS": 0.019897611067034315, 
            "WgS": 0.3659452399286315
        }, 
        "Higgs": {
            "qqH_htt": 0.026150825959161943, 
            "qqH_hww": 0.03921360558201066, 
            "ggZH_hww": 0.03176513508692149, 
            "WH_htt": 0.0719460742744183, 
            "ggH_htt": 0.1281182726077651, 
            "WH_hww": 0.11768092880877969, 
            "ggH_hww": 0.3954143314622809, 
            "ttH_hww": 0.12742372355026566, 
            "ZH_htt": 0.021392243783845834, 
            "ZH_hww": 0.04089485888455064
        }
    }, 
    "ww2l2v_13TeV_top_0j": {
        "Vg": {
            "Wg": 0.4794915619528351, 
            "Zg": 0.13758524493638621, 
            "ZgS": 0.07082799573188929, 
            "WgS": 0.3120951973788896
        }, 
        "Higgs": {
            "qqH_htt": 0.004041494197113449, 
            "qqH_hww": 0.013017209717403298, 
            "ggZH_hww": 0.008476385640548974, 
            "WH_htt": 0.10817829140226855, 
            "ggH_htt": 0.05024389874470229, 
            "WH_hww": 0.15238140940748154, 
            "ggH_hww": 0.6147241418712691, 
            "ttH_hww": 0.01431865263237852, 
            "ZH_htt": 0.012244228899994247, 
            "ZH_hww": 0.022374287486840082
        }
    }, 
    "ww2l2v_13TeV_sr_2j_B0": {
        "Vg": {
            "Wg": 0.6871534096990111, 
            "Zg": 0.05954252342063358, 
            "ZgS": 0.02543351411062549, 
            "WgS": 0.22787055276972978
        }, 
        "Higgs": {
            "qqH_htt": 0.002084310581048127, 
            "qqH_hww": 0.20141654050217636, 
            "ggZH_hww": 0.08355625900282555, 
            "WH_htt": 0.01024954169913857, 
            "ggH_htt": 0.006489554484166468, 
            "WH_hww": 0.08479072551785269, 
            "ggH_hww": 0.5395590367398517, 
            "ttH_hww": 0.039880948626010715, 
            "ZH_htt": 0.002390890913218463, 
            "ZH_hww": 0.02958219193371144
        }
    }, 
    "ww2l2v_13TeV_sr_1j_B0": {
        "Vg": {
            "Wg": 0.651983006727903, 
            "Zg": 0.06443995308779878, 
            "ZgS": 0.019195923474145307, 
            "WgS": 0.26438111671015296
        }, 
        "Higgs": {
            "qqH_htt": 0.0007465788118329565, 
            "qqH_hww": 0.09064206784114541, 
            "ggZH_hww": 0.02043375163979154, 
            "WH_htt": 0.012189920322475133, 
            "ggH_htt": 0.005494262348338189, 
            "WH_hww": 0.059076399188160635, 
            "ggH_hww": 0.7927023311334479, 
            "ttH_hww": 0.0015787062894097592, 
            "ZH_htt": 0.0019075736108773009, 
            "ZH_hww": 0.015228408814521083
        }
    }, 
    "ww2l2v_13TeV_top_2j": {
        "Vg": {
            "Wg": 0.6728244416303869, 
            "Zg": 0.11862703701134789, 
            "ZgS": 0.020479685704653687, 
            "WgS": 0.1880688356536114
        }, 
        "Higgs": {
            "qqH_htt": 0.009368798977685335, 
            "qqH_hww": 0.012224369383964978, 
            "ggZH_hww": 0.02440451702682618, 
            "WH_htt": 0.008993944833713872, 
            "ggH_htt": 0.027609217012318367, 
            "WH_hww": 0.020435552925939945, 
            "ggH_hww": 0.0379299644802057, 
            "ttH_hww": 0.843773144443966, 
            "ZH_htt": 0.005940554784157879, 
            "ZH_hww": 0.009319936131221737
        }
    }, 
    "ww2l2v_13TeV_sr_0j_B0": {
        "Vg": {
            "Wg": 0.6492111474509952, 
            "Zg": 0.07069635181700368, 
            "ZgS": 0.015170152139253563, 
            "WgS": 0.26492234859274766
        }, 
        "Higgs": {
            "qqH_htt": 1.2647081137966328e-05, 
            "qqH_hww": 0.0108625379019876, 
            "ggZH_hww": 0.008859877196733635, 
            "WH_htt": 0.0061904230725856844, 
            "ggH_htt": 0.0018188914813762457, 
            "WH_hww": 0.02719853924200885, 
            "ggH_hww": 0.9351403781944627, 
            "ttH_hww": 9.492344896125577e-05, 
            "ZH_htt": 0.001756361630162891, 
            "ZH_hww": 0.008065420750583138
        }
    }
}