{
    "ww2l2v_13TeV_top_1j": {
        "Vg": {
            "Wg": 0.60914136926958, 
            "Zg": 0.11855168524225818, 
            "ZgS": 0.015753197080285115, 
            "WgS": 0.25655374840787676
        }, 
        "Higgs": {
            "qqH_htt": 0.027369703467317204, 
            "qqH_hww": 0.04038364085363567, 
            "ggZH_hww": 0.003969571687728676, 
            "WH_htt": 0.07563034890409655, 
            "ggH_htt": 0.20810238356254732, 
            "WH_hww": 0.11596748675832393, 
            "ggH_hww": 0.34770063277526475, 
            "ttH_hww": 0.1201438446637494, 
            "ZH_htt": 0.02155979829632646, 
            "ZH_hww": 0.03917258903101002
        }
    }, 
    "ww2l2v_13TeV_top_0j": {
        "Vg": {
            "Wg": 0.5029884597713051, 
            "Zg": 0.17792349441228844, 
            "ZgS": 0.0, 
            "WgS": 0.3190880458164065
        }, 
        "Higgs": {
            "qqH_htt": 0.0016958779409235454, 
            "qqH_hww": 0.017864896867865496, 
            "ggZH_hww": 0.0017003870837431333, 
            "WH_htt": 0.11115672236684458, 
            "ggH_htt": 0.04951795544225594, 
            "WH_hww": 0.20305668256774706, 
            "ggH_hww": 0.567098716842212, 
            "ttH_hww": 0.013833605406233084, 
            "ZH_htt": 0.01074173026718713, 
            "ZH_hww": 0.023333425214987907
        }
    }, 
    "ww2l2v_13TeV_sr_2j_B0": {
        "Vg": {
            "Wg": 0.6165002792640815, 
            "Zg": 0.06803036747051666, 
            "ZgS": 0.03132130609000571, 
            "WgS": 0.28414804717539605
        }, 
        "Higgs": {
            "qqH_htt": 0.0036276597189703356, 
            "qqH_hww": 0.22000211829340177, 
            "ggZH_hww": 0.009443599634716523, 
            "WH_htt": 0.01167742671591731, 
            "ggH_htt": 0.011358039575098811, 
            "WH_hww": 0.09061886569977813, 
            "ggH_hww": 0.5821206385322055, 
            "ttH_hww": 0.03592286289130951, 
            "ZH_htt": 0.002994688100546248, 
            "ZH_hww": 0.03223410083805606
        }
    }, 
    "ww2l2v_13TeV_sr_1j_B0": {
        "Vg": {
            "Wg": 0.5961809635947035, 
            "Zg": 0.055235371073882704, 
            "ZgS": 0.01800697005459041, 
            "WgS": 0.33057669527682343
        }, 
        "Higgs": {
            "qqH_htt": 0.0009002036883599901, 
            "qqH_hww": 0.08962049097653667, 
            "ggZH_hww": 0.0022867955697979535, 
            "WH_htt": 0.013104253569167206, 
            "ggH_htt": 0.008838323362414883, 
            "WH_hww": 0.06095775274676265, 
            "ggH_hww": 0.8055001641645132, 
            "ttH_hww": 0.001349469907800311, 
            "ZH_htt": 0.0020141134823841536, 
            "ZH_hww": 0.015428432532262984
        }
    }, 
    "ww2l2v_13TeV_top_2j": {
        "Vg": {
            "Wg": 0.658863529357166, 
            "Zg": 0.07665398458488125, 
            "ZgS": 0.020710812411650858, 
            "WgS": 0.24377167364630195
        }, 
        "Higgs": {
            "qqH_htt": 0.008222208308872311, 
            "qqH_hww": 0.012183630621199946, 
            "ggZH_hww": 0.0028264132572798114, 
            "WH_htt": 0.009227638023370654, 
            "ggH_htt": 0.022413790882643423, 
            "WH_hww": 0.019942998692787275, 
            "ggH_hww": 0.04047138284855379, 
            "ttH_hww": 0.8684870568332966, 
            "ZH_htt": 0.0067137243803202925, 
            "ZH_hww": 0.009511156151675807
        }
    }, 
    "ww2l2v_13TeV_sr_0j_B0": {
        "Vg": {
            "Wg": 0.5729997909683351, 
            "Zg": 0.0676190977129639, 
            "ZgS": 0.020919490372112833, 
            "WgS": 0.33846162094658827
        }, 
        "Higgs": {
            "qqH_htt": 0.0001297744665557455, 
            "qqH_hww": 0.010308825896576857, 
            "ggZH_hww": 0.0009080001905853801, 
            "WH_htt": 0.0063931572211276795, 
            "ggH_htt": 0.0017437375970658577, 
            "WH_hww": 0.028987122955246223, 
            "ggH_hww": 0.941415960771718, 
            "ttH_hww": 0.00012032645333779237, 
            "ZH_htt": 0.0018598049869059383, 
            "ZH_hww": 0.008133289460880724
        }
    }
}