{
    "ww2l2v_13TeV_top_1j": {
        "Vg": {
            "Wg": 0.5612674692153384, 
            "Zg": 0.08100639356083343, 
            "ZgS": -0.0011800997529246935, 
            "WgS": 0.35890623697675295
        }, 
        "Higgs": {
            "qqH_htt": 0.03201638255732725, 
            "qqH_hww": 0.04079925324606254, 
            "ggZH_hww": 0.03487123476485281, 
            "WH_htt": 0.07119154140485237, 
            "ggH_htt": 0.18980230853593494, 
            "WH_hww": 0.1202580568095732, 
            "ggH_hww": 0.32030152897568626, 
            "ttH_hww": 0.12774621677714712, 
            "ZH_htt": 0.02405218216407968, 
            "ZH_hww": 0.038961294764483685
        }
    }, 
    "ww2l2v_13TeV_top_0j": {
        "Vg": {
            "Wg": 0.4874291385750096, 
            "Zg": 0.017279560509661295, 
            "ZgS": 0.14260717150746813, 
            "WgS": 0.3526841294078609
        }, 
        "Higgs": {
            "qqH_htt": 0.0, 
            "qqH_hww": 0.018116658236818847, 
            "ggZH_hww": 0.023072001863913297, 
            "WH_htt": 0.10196341311154167, 
            "ggH_htt": 0.028202527822919855, 
            "WH_hww": 0.20180787402113257, 
            "ggH_hww": 0.572060410394364, 
            "ttH_hww": 0.018665641160343416, 
            "ZH_htt": 0.012643977872728444, 
            "ZH_hww": 0.02346749551623788
        }
    }, 
    "ww2l2v_13TeV_sr_2j_B0": {
        "Vg": {
            "Wg": 0.6901477396383935, 
            "Zg": 0.057156870902612185, 
            "ZgS": 0.022092823402473188, 
            "WgS": 0.230602566056521
        }, 
        "Higgs": {
            "qqH_htt": 0.00375930006298346, 
            "qqH_hww": 0.20099164994694638, 
            "ggZH_hww": 0.08297892122127024, 
            "WH_htt": 0.011004147666608514, 
            "ggH_htt": 0.009994614949276117, 
            "WH_hww": 0.08699106038503696, 
            "ggH_hww": 0.5329568036065526, 
            "ttH_hww": 0.03739431410022287, 
            "ZH_htt": 0.0025873210552951943, 
            "ZH_hww": 0.031341867005807926
        }
    }, 
    "ww2l2v_13TeV_sr_1j_B0": {
        "Vg": {
            "Wg": 0.656269846468545, 
            "Zg": 0.06855095437524344, 
            "ZgS": 0.01662444681291079, 
            "WgS": 0.2585547523433009
        }, 
        "Higgs": {
            "qqH_htt": 0.00090739441441615, 
            "qqH_hww": 0.09092956833806483, 
            "ggZH_hww": 0.02135437194005291, 
            "WH_htt": 0.012259726112492673, 
            "ggH_htt": 0.0063177613717656095, 
            "WH_hww": 0.059760394991234186, 
            "ggH_hww": 0.7903074301700368, 
            "ttH_hww": 0.0014039261682903205, 
            "ZH_htt": 0.002075749857084174, 
            "ZH_hww": 0.014683676636562145
        }
    }, 
    "ww2l2v_13TeV_top_2j": {
        "Vg": {
            "Wg": 0.5886351447713328, 
            "Zg": 0.09548081821930106, 
            "ZgS": 0.05054944439368023, 
            "WgS": 0.26533459261568576
        }, 
        "Higgs": {
            "qqH_htt": 0.00903204707251154, 
            "qqH_hww": 0.012141124946896465, 
            "ggZH_hww": 0.02673772943543517, 
            "WH_htt": 0.008456098857176853, 
            "ggH_htt": 0.03094514023246322, 
            "WH_hww": 0.018692900807443322, 
            "ggH_hww": 0.042065191863707045, 
            "ttH_hww": 0.8368413664444422, 
            "ZH_htt": 0.00593655942093442, 
            "ZH_hww": 0.009151840918989844
        }
    }, 
    "ww2l2v_13TeV_sr_0j_B0": {
        "Vg": {
            "Wg": 0.653866476040693, 
            "Zg": 0.07202372597636696, 
            "ZgS": 0.014541455721362445, 
            "WgS": 0.2595683422615776
        }, 
        "Higgs": {
            "qqH_htt": 0.00012008646344658809, 
            "qqH_hww": 0.010880462925577527, 
            "ggZH_hww": 0.008572560461815508, 
            "WH_htt": 0.006400372072167702, 
            "ggH_htt": 0.0024498285051109373, 
            "WH_hww": 0.028973282006506437, 
            "ggH_hww": 0.9329825818108697, 
            "ttH_hww": 8.699587932443643e-05, 
            "ZH_htt": 0.0018155638050493762, 
            "ZH_hww": 0.007718266070131744
        }
    }
}